{
  "actor_lr": 1.6616863400106755e-05,
  "critic_lr": 0.00048020550834762906,
  "tau": 0.001819343349469396,
  "gamma": 0.991850389232203,
  "ou_sigma": 0.37085546033055716,
  "batch": 128,
  "hidden": 256
}