{
  "actor_lr": 4.263814499568788e-05,
  "critic_lr": 0.00013260806402042022,
  "gamma": 0.978599770009309,
  "noise_std": 0.17052032023329822,
  "epsilon_min": 0.2173505419416641,
  "epsilon_decay": 0.9947651965200155,
  "target_update_freq": 899,
  "batch": 64,
  "hidden": 256
}