{
  "actor_lr": 0.00013554526119657258,
  "critic_lr": 0.0018617367032502331,
  "tau": 0.008047838204200066,
  "gamma": 0.961859326025926,
  "ou_sigma": 0.317937783806691,
  "policy_noise": 0.339111229629921,
  "noise_clip": 0.4959085867496832,
  "policy_delay": 1,
  "batch": 128,
  "hidden": 256
}