{
  "actor_lr": 3.952868385118983e-05,
  "critic_lr": 0.0009502004871276334,
  "tau": 0.011107577414078373,
  "gamma": 0.9624932748663875,
  "n_step": 3,
  "ou_sigma": 0.2004521605186168,
  "policy_noise": 0.10213995145795642,
  "noise_clip": 0.49515250197303345,
  "policy_delay": 4,
  "batch": 128,
  "hidden": 128
}