{
  "actor_lr": 8.107967637991128e-05,
  "critic_lr": 0.0022867899761920643,
  "tau": 0.011371632972876784,
  "gamma": 0.9568866541205802,
  "ou_sigma": 0.34755030737289283,
  "batch": 128,
  "hidden": 128
}