{
  "actor_lr": 0.0009364208408813036,
  "critic_lr": 0.0019532695536889637,
  "tau": 0.0016177124769163904,
  "gamma": 0.9884361430528119,
  "n_step": 4,
  "ou_sigma": 0.15618653217072012,
  "batch": 256,
  "hidden": 256
}