{
  "actor_lr": 0.000114436800203956,
  "critic_lr": 0.0021631878545590386,
  "tau": 0.010683301695850684,
  "gamma": 0.9548739630636724,
  "ou_sigma": 0.16795960882114153,
  "policy_noise": 0.21865057063325255,
  "noise_clip": 0.5773065801575386,
  "policy_delay": 3,
  "batch": 128,
  "hidden": 128
}