{
  "actor_lr": 0.0006172580539968973,
  "critic_lr": 0.00018934188834606234,
  "tau": 0.0013583086501954046,
  "gamma": 0.9805719190518861,
  "n_step": 4,
  "ou_sigma": 0.27419476206255555,
  "policy_noise": 0.14161234784838797,
  "noise_clip": 0.35015284185468426,
  "policy_delay": 3,
  "batch": 256,
  "hidden": 256
}