{
  "actor_lr": 0.00011108432939000076,
  "critic_lr": 0.000260588685860199,
  "gamma": 0.9589907801235718,
  "beta": 0.0242247803400245,
  "hidden": 128
}